state,district,product,idea_slug
Andaman and Nicobar Islands,Nicobars,Coconut & Coconut based products,agro-processing-unit
Andaman and Nicobar Islands,North and Middle Andaman,Fisheries/Marine products,seafood-processing
Andaman and Nicobar Islands,South Andamans,Marine Products,seafood-processing
Andhra Pradesh,Alluri Sitarama Raju,Coffee (Araku),beverage-brand
Andhra Pradesh,Anakapalli,Etikoppaka Lacquerware/Wooden Toys,toys-and-games-brand
Andhra Pradesh,Anantapuram (Anantapur),Cotton/Jean Pants,d2c-apparel-brand
Andhra Pradesh,Ananthpuram (Anantapur),Dharmavaram Silk Sarees,handloom-textiles-brand
Andhra Pradesh,Annamayya (Rayachoty),Cotton / Jean Pants,d2c-apparel-brand
Andhra Pradesh,Bapatla,Granite Cutting and Polishing,stone-and-marble-products
Andhra Pradesh,Chittoor,Venkatagiri Sarees,handloom-textiles-brand
Andhra Pradesh,Dr BR Ambedkar Konaseema,Natural banana fibres,eco-friendly-products-brand
Andhra Pradesh,Dr. B. R. Ambedkar Konaseema,Shrimp,seafood-processing
Andhra Pradesh,East Godavari,"Fruit Based Food Products (Pickles, Mango Jelly, Fruit Pulp, Cashew nuts, Lemon extracts)",pickle-and-papad-brand
Andhra Pradesh,Eluru,Gold Jewellery,jewellery-brand
Andhra Pradesh,Guntur,Chillies,spice-processing-unit
Andhra Pradesh,Kakinada,Uppada Jamdani Sarees,handloom-textiles-brand
Andhra Pradesh,Krishna,Machilipatnam Kalamkari,handloom-textiles-brand
Andhra Pradesh,Kurnool,Stone carved products,handcrafted-home-decor
Andhra Pradesh,NTR (Vijaywada),Kondapalli Toys,toys-and-games-brand
Andhra Pradesh,Nandyal,Allagadda Stone Carving,handcrafted-home-decor
Andhra Pradesh,Palnadu (Narasaraopeta),Durgi Stone Carving,handcrafted-home-decor
Andhra Pradesh,Parvathipuram Manyam,Bobilli Veena,handcrafted-home-decor
Andhra Pradesh,Prakasam,Granite (Black Galaxy),stone-and-marble-products
Andhra Pradesh,SPSR Nellore,Udayagiri Wooden Cutlery,handcrafted-home-decor
Andhra Pradesh,Sri Sathya Sai (Puttaparthi),Silk Sarees,handloom-textiles-brand
Andhra Pradesh,Srikakulam,Ponduru Cotton Sarees,handloom-textiles-brand
Andhra Pradesh,Tirupati,Srikalahasthi Kalamkari fabrics/Handicrafts,handcrafted-home-decor
Andhra Pradesh,Visakhapatnam,Seafood Cluster,seafood-processing
Andhra Pradesh,Vizianagaram,Mango Jelly,fruit-and-vegetable-processing
Andhra Pradesh,West Godavari District,Processed Prawn & Shrimp,seafood-processing
Andhra Pradesh,YSR Kadapa,Vonipenta Brass,handcrafted-home-decor
Arunachal Pradesh,Anjaw,Large Cardamom,spice-processing-unit
Arunachal Pradesh,Changlang,Areca nut,agro-processing-unit
Arunachal Pradesh,Dibang Valley,Kiwi,fruit-and-vegetable-processing
Arunachal Pradesh,East Kameng,Orange,fruit-and-vegetable-processing
Arunachal Pradesh,East Siang,Jaggery,honey-and-organic-produce
Arunachal Pradesh,Kamle,Orange,fruit-and-vegetable-processing
Arunachal Pradesh,Kra Daadi,Large Cardamom,spice-processing-unit
Arunachal Pradesh,Kurung Kumey,Large Cardamom,spice-processing-unit
Arunachal Pradesh,Leparada,King Chilli,spice-processing-unit
Arunachal Pradesh,Lohit,Mustard Seed,cold-pressed-oil-mill
Arunachal Pradesh,Longding,Bead Necklace,jewellery-brand
Arunachal Pradesh,Lower Dibang Valley,Ginger,spice-processing-unit
Arunachal Pradesh,Lower Siang,Turmeric,spice-processing-unit
Arunachal Pradesh,Lower Subansiri,Kiwi,fruit-and-vegetable-processing
Arunachal Pradesh,Namsai,Turmeric,spice-processing-unit
Arunachal Pradesh,Pakke Kessang,Ginger,spice-processing-unit
Arunachal Pradesh,Papum Pare,Turmeric,spice-processing-unit
Arunachal Pradesh,Shi Yomi,Kiwi,fruit-and-vegetable-processing
Arunachal Pradesh,Siang,Large Cardamom,spice-processing-unit
Arunachal Pradesh,Tawang,Chillies,spice-processing-unit
Arunachal Pradesh,Tirap,Ginger,spice-processing-unit
Arunachal Pradesh,Upper Siang,Orange,fruit-and-vegetable-processing
Arunachal Pradesh,Upper Subansiri,Orange,fruit-and-vegetable-processing
Arunachal Pradesh,West Kameng,Apple,fruit-and-vegetable-processing
Arunachal Pradesh,West Siang,Pineapple,fruit-and-vegetable-processing
Assam,Bajali,Rice,agro-processing-unit
Assam,Baksa,Honey,honey-and-organic-produce
Assam,Barpeta,Bell Metal Products,handcrafted-home-decor
Assam,Biswanath,Tea,beverage-brand
Assam,Bongaigaon,Maize,agro-processing-unit
Assam,Cachar,Scented and Glutonious Rice,agro-processing-unit
Assam,Charaideo,Aromatic Rice,agro-processing-unit
Assam,Chirang,Lemon,fruit-and-vegetable-processing
Assam,Darrang,Vegetables,fruit-and-vegetable-processing
Assam,Dhemaji,Red Rice,agro-processing-unit
Assam,Dhubri,Chilly,spice-processing-unit
Assam,Dibrugarh,Organic Tea,beverage-brand
Assam,Dima Hasao,Ginger,spice-processing-unit
Assam,Goalpara,Banana,fruit-and-vegetable-processing
Assam,Golaghat,Agarwood & Its Derivatives,handcrafted-home-decor
Assam,Hailakandi,Arecanut,agro-processing-unit
Assam,Hojai,Jaggery,honey-and-organic-produce
Assam,Jorhat,Bhoot Jholokia,spice-processing-unit
Assam,Kamrup (M),"Home Furnishing made of Eri , Muga & Assam Silk, etc.",handloom-textiles-brand
Assam,Kamrup(R),Banana,fruit-and-vegetable-processing
Assam,Karbi Anglong,Ginger,spice-processing-unit
Assam,Karimganj,Plates and Bowls made of Arecanut Leaf Sheath,eco-friendly-products-brand
Assam,Kokrajhar,Mushroom,mushroom-farming
Assam,Lakhimpur,Handloom Products of Silk & Cotton,handloom-textiles-brand
Assam,Majuli,Mustard Seeds,cold-pressed-oil-mill
Assam,Morigaon,Maize,agro-processing-unit
Assam,Nagaon,Pearl,jewellery-brand
Assam,Nalbari,Rice & Rice Products,agro-processing-unit
Assam,Sivasagar,Rice & Rice Products,agro-processing-unit
Assam,Sonitpur,"Parboiled Rice , Steam Rice & all Rice products",agro-processing-unit
Assam,South Salamara- Mankachar,Processed cashew nuts,agro-processing-unit
Assam,Tamulpur,Honey,honey-and-organic-produce
Assam,Tinsukia,Assam Lemon,fruit-and-vegetable-processing
Assam,Udalguri,Orthodox Tea (black) and Green Tea,beverage-brand
Assam,West Karbi Anglong,Ginger,spice-processing-unit
Bihar,Araria,Jute,eco-friendly-products-brand
Bihar,Arwal,Mushroom,mushroom-farming
Bihar,Aurangabad,Lemon Grass,personal-care-brand
Bihar,Banka,Banka Silk,handloom-textiles-brand
Bihar,Begusarai,Chilli,spice-processing-unit
Bihar,Bhagalpur,Bhagalpur Silk,handloom-textiles-brand
Bihar,Bhojpur,Applique Work,handloom-textiles-brand
Bihar,Buxar,Hand Embroidery,handloom-textiles-brand
Bihar,Darbhanga,Madhubhani Paintings,handcrafted-home-decor
Bihar,East Champaran,Bags & Garments,d2c-apparel-brand
Bihar,Gaya,Handloom/Garments,d2c-apparel-brand
Bihar,Gopalganj,Sugarcane,honey-and-organic-produce
Bihar,Jamui,Crochet Goods,d2c-apparel-brand
Bihar,Jehanabad,Mushroom,mushroom-farming
Bihar,Kaimur (Bhabua),Carpet,handloom-textiles-brand
Bihar,Katihar,Jute,eco-friendly-products-brand
Bihar,Khagaria,Bamboo Art,eco-friendly-products-brand
Bihar,Kishanganj,Dragon Fruit,fruit-and-vegetable-processing
Bihar,Lakhisarai,Pulses (Masoor),agro-processing-unit
Bihar,Madhepura,Bamboo Art,eco-friendly-products-brand
Bihar,Madhubani,Madhubani Paintings,handcrafted-home-decor
Bihar,Munger,Lemon Grass,personal-care-brand
Bihar,Muzaffarpur,Bags & Garments,d2c-apparel-brand
Bihar,Nalanda,Bawan Booti,handloom-textiles-brand
Bihar,Nawada,Handloom,handloom-textiles-brand
Bihar,Patna,Brass Metal Work,handcrafted-home-decor
Bihar,Purnea,Bamboo Art,eco-friendly-products-brand
Bihar,Rohtas,Menthol,personal-care-brand
Bihar,Saharsa,Makhana (Foxnut),healthy-snacks-brand
Bihar,Samastipur,Bamboo Art,eco-friendly-products-brand
Bihar,Saran,Tomato,fruit-and-vegetable-processing
Bihar,Sheikhpura,Onion,fruit-and-vegetable-processing
Bihar,Sheohar,Maize,agro-processing-unit
Bihar,Sitamarhi,Applique Work,handloom-textiles-brand
Bihar,Siwan,Mentha,personal-care-brand
Bihar,Supaul,Lac Bangles,jewellery-brand
Bihar,Vaishali,Banana,fruit-and-vegetable-processing
Bihar,West Champaran,Marcha Chura,sweet-shop
Chandigarh,Chandigarh,Tourism,local-tour-guide
Chhattisgarh,Balod,Handloom,handloom-textiles-brand
Chhattisgarh,Baloda bazar,Rice based products - poha etc,agro-processing-unit
Chhattisgarh,Balrampur,"Rice- Jiraphul, Bisni etc",agro-processing-unit
Chhattisgarh,Bastar,Bell Metal (Dhokra),handcrafted-home-decor
Chhattisgarh,Bemetara,Papaya Based Product,fruit-and-vegetable-processing
Chhattisgarh,Bijapur,"Minor Forest Produce - Tamarind, Mahua",honey-and-organic-produce
Chhattisgarh,Bilaspur,Black Rice,agro-processing-unit
Chhattisgarh,Dantewada,Minor Forest Produce - Tamarind,honey-and-organic-produce
Chhattisgarh,Dhamtari,Rice,agro-processing-unit
Chhattisgarh,Durg,Tomato Based Product,fruit-and-vegetable-processing
Chhattisgarh,Gariyaband,Minor Forest Produce - Chirounji,honey-and-organic-produce
Chhattisgarh,Gaurella Pendra Marwahi,Groundnuts,healthy-snacks-brand
Chhattisgarh,Janjagir-champa,Kosa,handloom-textiles-brand
Chhattisgarh,Jashpur,Litchi,fruit-and-vegetable-processing
Chhattisgarh,Kabirdham,"Sugarcane based product (Ex. Jaggery, Molasses)",honey-and-organic-produce
Chhattisgarh,Kanker,Custard Apple Based Product,fruit-and-vegetable-processing
Chhattisgarh,Khairagarh-Chhuikhadan-Gandai,Soyabean,agro-processing-unit
Chhattisgarh,Kondagaon,Bastar Craft,handcrafted-home-decor
Chhattisgarh,Korba,Minor Forest Produce - Mahua,honey-and-organic-produce
Chhattisgarh,Koriya,Tomato,fruit-and-vegetable-processing
Chhattisgarh,Mahasamund,Milk Based Product,dairy-farm
Chhattisgarh,Manendragarh- Chirmiri- Bharatpur,Tomato,fruit-and-vegetable-processing
Chhattisgarh,Manpur-Mohla- Ambagad Chowki,Soyabean,agro-processing-unit
Chhattisgarh,Mungeli,Groundnuts,healthy-snacks-brand
Chhattisgarh,Narayanpur,Black Gram,agro-processing-unit
Chhattisgarh,Raigarh,Tomato,fruit-and-vegetable-processing
Chhattisgarh,Raipur,Papaya Based Product,fruit-and-vegetable-processing
Chhattisgarh,Rajnandgaon,Soyabean,agro-processing-unit
Chhattisgarh,Sakti,Kosa,handloom-textiles-brand
Chhattisgarh,Sarangarh-Bilaigarh,Tomato,fruit-and-vegetable-processing
Chhattisgarh,Sukma,Wooden Craft,handcrafted-home-decor
Chhattisgarh,Surajpur,Potato,fruit-and-vegetable-processing
Chhattisgarh,Surguja,Jackfruit,fruit-and-vegetable-processing
Dadra & Nagar Haveli (UT)Daman & Diu (UT),Dadra & Nagar Haveli,Textile (Yarn),handloom-textiles-brand
Dadra & Nagar Haveli (UT)Daman & Diu (UT),Daman,Plastic Products,
Dadra & Nagar Haveli (UT)Daman & Diu (UT),Diu,Marine,seafood-processing
Delhi,Central,Dry Fruits & Spices,spice-processing-unit
Delhi,East,Ceramic Tiles & Sanitary Goods,
Delhi,New Delhi,Automobile Refurbishing Component,light-engineering-unit
Delhi,North,Light Engineering Goods,light-engineering-unit
Delhi,North-East,Apparels (Jackets & Jeans),d2c-apparel-brand
Delhi,North-West,Stainless Steel Utensils/ Kitchen Ware,crockery-and-kitchenware-store
Delhi,Shahdara,Readymade clothes/garments,d2c-apparel-brand
Delhi,South,Tourism (Medical & Religious),local-tour-guide
Delhi,South-East,Embroidery/Sequence Ladies Garments,d2c-apparel-brand
Delhi,South-West,Milk Based Product,dairy-farm
Delhi,West,Furniture items,furniture-workshop
Goa,North Goa,Cashew Nuts,agro-processing-unit
Goa,South Goa,Feni,beverage-brand
Gujarat,Ahmedabad,Garment & Apparel,d2c-apparel-brand
Gujarat,Amreli,Peanut Based Products,healthy-snacks-brand
Gujarat,Anand,Agates Stone,jewellery-brand
Gujarat,Aravalli,Agro Processing,agro-processing-unit
Gujarat,Banaskantha,Granite and Marble Blocks,stone-and-marble-products
Gujarat,Bharuch,"Chemicals (Chemicals,Agro Chemicals, Pesticide, Pharmaceutical, API)",
Gujarat,Bhavnagar,Dehydrated Vegetables (Onion),fruit-and-vegetable-processing
Gujarat,Botad,Groundnuts/ Peanuts,healthy-snacks-brand
Gujarat,Chhota Udaipur,Sankheda furniture,furniture-workshop
Gujarat,Dahod,Corn Products,agro-processing-unit
Gujarat,Dang,Nagali Products,healthy-snacks-brand
Gujarat,Devbhoomi Dwarka,Khambhaliya Shawl,handloom-textiles-brand
Gujarat,Gandhinagar,Software & Financial Services,
Gujarat,Gir Somnath,Kesar Mango,fruit-and-vegetable-processing
Gujarat,Himmatnagar/Sabarkantha,Ceramic Tiles,
Gujarat,Jamnagar,Bandhani,handloom-textiles-brand
Gujarat,Junagadh,Groundnuts/Peanuts (Peanut Based Products),healthy-snacks-brand
Gujarat,Kachch,Handicraft Items,handcrafted-home-decor
Gujarat,Kachchh,Bhujodi Shawl weaving,handloom-textiles-brand
Gujarat,Kheda (Nadiad),Agro Products,agro-processing-unit
Gujarat,Mahisagar,Food Processing Papaya,fruit-and-vegetable-processing
Gujarat,Mehsana,Dairy/ Milk Product,dairy-farm
Gujarat,Morbi,Ceramic Tiles & Sanitary Ware,
Gujarat,Narmada,Banana,fruit-and-vegetable-processing
Gujarat,Navsari,Mango (Hafus),fruit-and-vegetable-processing
Gujarat,Panchmahal,Plastic Products,
Gujarat,Patan,Double Ikkat Patan,handloom-textiles-brand
Gujarat,Porbandar,Marine (Queen Fish),seafood-processing
Gujarat,Rajkot,Engineering Goods/Machine products,light-engineering-unit
Gujarat,Surat,Gems and Jewellery,jewellery-brand
Gujarat,Surendranagar,Single Ikat weaving,handloom-textiles-brand
Gujarat,Tapi,Rice based products,agro-processing-unit
Gujarat,Vadodara,Pharmaceuticals,
Gujarat,Valsad,Chemical Products,
Haryana,Ambala,Scientific Equipment,light-engineering-unit
Haryana,Bhiwani,Milk Product,dairy-farm
Haryana,Charkhi Dadri,"Mining & Crushing equipment for Minerals & Stones (Jaws and Screens, etc)",
Haryana,Faridabad,Auto Components,light-engineering-unit
Haryana,Fatehabad,Cotton & Agri-based products,agro-processing-unit
Haryana,Gurugram,Textile and Apparels,d2c-apparel-brand
Haryana,Hisar,Agriculture Implements,light-engineering-unit
Haryana,Jhajjar,Footwear,footwear-brand
Haryana,Jind,Engineering Goods,light-engineering-unit
Haryana,Kaithal,Food Processing (Rice Mill & Dairy Products ),dairy-farm
Haryana,Karnal,Ayurvedic Products,nutrition-supplements-brand
Haryana,Kurukshetra,Agri - Implements,light-engineering-unit
Haryana,Mahendragarh,Mustard Oil,cold-pressed-oil-mill
Haryana,Mewat,Apparels,d2c-apparel-brand
Haryana,Palwal,Machineries - Agriculture & Dairy,light-engineering-unit
Haryana,Panchkula,Automobile Parts,light-engineering-unit
Haryana,Panipat,Handloom and Textiles,handloom-textiles-brand
Haryana,Rewari,Engineering Goods,light-engineering-unit
Haryana,Rohtak,Fastners and Machine Tools,light-engineering-unit
Haryana,Sirsa,"Cotton Products (Balls, Swabs)",handloom-textiles-brand
Haryana,Sonipat,Food Processing,agro-processing-unit
Haryana,Yamunanagar,Metal Utensils,handcrafted-home-decor
Himachal Pradesh,Bilaspur,Processing of Indian Gooseberry (Amla),fruit-and-vegetable-processing
Himachal Pradesh,Chamba,Chamba Rumal,handloom-textiles-brand
Himachal Pradesh,Hamirpur,Agro-products processing,agro-processing-unit
Himachal Pradesh,Kangra,Kangra Tea,beverage-brand
Himachal Pradesh,Kinnaur,Oil-Himachali Chulli,cold-pressed-oil-mill
Himachal Pradesh,Kullu,Shawl-Kullu,handloom-textiles-brand
Himachal Pradesh,Lahaul & Spiti,Processing of Seabuckthorn (Charma),handcrafted-home-decor
Himachal Pradesh,Mandi,Steel Furniture,furniture-workshop
Himachal Pradesh,Shimla,Tourism,local-tour-guide
Himachal Pradesh,Sirmaur,Packaging (Corrugated Boxes),paper-bag-unit
Himachal Pradesh,Solan,Mushrooms,mushroom-farming
Himachal Pradesh,Una,Light Engineering Industry,light-engineering-unit
Jammu and Kashmir,Anantnag,Trout Fish,seafood-processing
Jammu and Kashmir,Bandipora,Crewal Based Shawl,handloom-textiles-brand
Jammu and Kashmir,Baramulla,Apples,fruit-and-vegetable-processing
Jammu and Kashmir,Budgam,Kani Shawls,handloom-textiles-brand
Jammu and Kashmir,Doda,Natural Oils (Lavender),personal-care-brand
Jammu and Kashmir,Ganderbal,Wicker Willow,eco-friendly-products-brand
Jammu and Kashmir,Jammu,Basmati Rice,agro-processing-unit
Jammu and Kashmir,Kathua,Basholi Pashmina,handloom-textiles-brand
Jammu and Kashmir,Kishtwar,Saffron,spice-processing-unit
Jammu and Kashmir,Kulgam,Garlic,spice-processing-unit
Jammu and Kashmir,Kupwara,Walnut,agro-processing-unit
Jammu and Kashmir,Poonch,Pecannut,agro-processing-unit
Jammu and Kashmir,Pulwama,Saffron,spice-processing-unit
Jammu and Kashmir,Rajouri,Walnut,agro-processing-unit
Jammu and Kashmir,Ramban,Honey,honey-and-organic-produce
Jammu and Kashmir,Reasi,Aromatic Plants,personal-care-brand
Jammu and Kashmir,Samba,Mushroom,mushroom-farming
Jammu and Kashmir,Shopian,Apple,fruit-and-vegetable-processing
Jammu and Kashmir,Srinagar,Silk Carpet (Hand Knotted Carpet),handloom-textiles-brand
Jammu and Kashmir,Udhampur,Garlic,spice-processing-unit
Jharkhand,Bokaro,Woodcraft,handcrafted-home-decor
Jharkhand,Chatra,Vegetable,fruit-and-vegetable-processing
Jharkhand,Deogarh,Lac Products,honey-and-organic-produce
Jharkhand,Dhanbad,Coal,
Jharkhand,Dumka,Bamboo,eco-friendly-products-brand
Jharkhand,Garhwa,Carpets,handloom-textiles-brand
Jharkhand,Giridih,Steel- TMT Bar,
Jharkhand,Godda,Tasar Silk,handloom-textiles-brand
Jharkhand,Gumla,Ragi,healthy-snacks-brand
Jharkhand,Hazaribagh,Sohrai Painting,handcrafted-home-decor
Jharkhand,Jamshedpur (East Singhbhum),Paithkar Painting,handcrafted-home-decor
Jharkhand,Jamtara,Nuts-Cashew,agro-processing-unit
Jharkhand,Khunti,Lac,honey-and-organic-produce
Jharkhand,Koderma,Mica,
Jharkhand,Latehar,Mahua,honey-and-organic-produce
Jharkhand,Lohardaga,Honey,honey-and-organic-produce
Jharkhand,Pakur,Jute,eco-friendly-products-brand
Jharkhand,Palamu,Pulses-Arhar,agro-processing-unit
Jharkhand,Ramgarh,Silver Jewellery,jewellery-brand
Jharkhand,Ranchi,Ready Made Garments,d2c-apparel-brand
Jharkhand,Sahibganj,Jute,eco-friendly-products-brand
Jharkhand,Saraikela- Kharsawan,Kharsawan Silk,handloom-textiles-brand
Jharkhand,Simdega,Minor Forest Produce,honey-and-organic-produce
Jharkhand,West Singhbhum (chaibassa),Custard Apple,fruit-and-vegetable-processing
Karnataka,Bagalkote,Ilkal Sarees,handloom-textiles-brand
Karnataka,Ballari (Bellary),Steel and Allied activities,
Karnataka,Ballary,Bellary Denim Jeans,d2c-apparel-brand
Karnataka,Belagavi,Foundry,light-engineering-unit
Karnataka,Belagavi (Belgaum),Auto components,light-engineering-unit
Karnataka,Bengaluru (Bangalore) Rural,Ready-made Garment Manufacturing,d2c-apparel-brand
Karnataka,Bengaluru (Bangalore) Urban,IT/ITES and R&D,
Karnataka,Bengaluru Urban,Handloom Silk Sarees,handloom-textiles-brand
Karnataka,Bidar,Bidari ware,handcrafted-home-decor
Karnataka,Chamarajanagar,Turmeric,spice-processing-unit
Karnataka,Chamarajanagara,Stone Work,stone-and-marble-products
Karnataka,Chikkaballapura,Shidlagatta silk and Raw Silk based sarees,handloom-textiles-brand
Karnataka,Chikkamagaluru,"Areca leaf based Products (Plates, Cups Etc)",eco-friendly-products-brand
Karnataka,Chikkamagaluru (Chikmagalur),Coffee-Arabica,beverage-brand
Karnataka,Chikkballapur,ESDM,
Karnataka,Chitradurga,Molakalmuru Sarees,handloom-textiles-brand
Karnataka,Dakshina Kannada,Marine Products,seafood-processing
Karnataka,Davanagere,Cotton based processing (ginning) & garmenting,d2c-apparel-brand
Karnataka,Davangere,Millets,healthy-snacks-brand
Karnataka,Dharwad,FMCG,agro-processing-unit
Karnataka,Gadag,Byadagi Chilies,spice-processing-unit
Karnataka,Hassan,Coir products,eco-friendly-products-brand
Karnataka,Haveri,Chilli-Byadagi,spice-processing-unit
Karnataka,Kalaburagi (Gulbarga),Toor Daal,agro-processing-unit
Karnataka,Kodagu,Coffee,beverage-brand
Karnataka,Kolar,Automobiles,light-engineering-unit
Karnataka,Koppal,Kinhal Toys,toys-and-games-brand
Karnataka,Mandya,Jaggery,honey-and-organic-produce
Karnataka,Mysuru (Mysore),ESDM,
Karnataka,Raichur,Pharma,
Karnataka,Ramanagara,Channapatna Toys,toys-and-games-brand
Karnataka,Shivamogga,Wooden Carving,handcrafted-home-decor
Karnataka,Shivamogga (Shimoga),BioPharma and Wellness,
Karnataka,Tumakuru (Tumkur),Machine Tool,light-engineering-unit
Karnataka,Udupi,Marine Products,seafood-processing
Karnataka,Uttara Kannada (Karwar),Spices,spice-processing-unit
Karnataka,Vijayanagara,Sandur Lambani Embroidery,handloom-textiles-brand
Karnataka,Vijayapura (Bijapur),Resin,
Karnataka,Yadagiri,Pharmaceuticals,
Kerala,Alappuzha,Coir products,eco-friendly-products-brand
Kerala,Ernakulam,Oleo Raisins,fruit-and-vegetable-processing
Kerala,Idukki,Spices,spice-processing-unit
Kerala,Kannur,Handloom Products,handloom-textiles-brand
Kerala,Kasaragod,Cashew Products,agro-processing-unit
Kerala,Kollam,Cashew Nut Products,agro-processing-unit
Kerala,Kottayam,Rubber Products,
Kerala,Kozhikode,Coconut Products,agro-processing-unit
Kerala,Malappuram,Food Products,agro-processing-unit
Kerala,Palakkad,Palakkadan Matta Rice,agro-processing-unit
Kerala,Pathanamthitta,Food Products,agro-processing-unit
Kerala,Thiruvananthapuram,Handloom Products,handloom-textiles-brand
Kerala,Thrissur,Coconut Products,agro-processing-unit
Kerala,Wayanad,Coffee,beverage-brand
Ladakh,Kargil,Apricot,fruit-and-vegetable-processing
Ladakh,Leh,Pashmina,handloom-textiles-brand
Lakshadweep,Lakshadweep,Coconut Derived Products,agro-processing-unit
Madhya Pradesh,Agar Malwa,Oranges,fruit-and-vegetable-processing
Madhya Pradesh,Alirajpur,Mahua,honey-and-organic-produce
Madhya Pradesh,Anuppur,Kodo Kutki,healthy-snacks-brand
Madhya Pradesh,Ashoknagar,Chanderi Handloom,handloom-textiles-brand
Madhya Pradesh,Badhwani,Ginger,spice-processing-unit
Madhya Pradesh,Balaghat,Chinnaur Rice,agro-processing-unit
Madhya Pradesh,Betul,Teak,furniture-workshop
Madhya Pradesh,Bhind,Mustard,cold-pressed-oil-mill
Madhya Pradesh,Bhopal,Zari Zardosi,handloom-textiles-brand
Madhya Pradesh,Burhanpur,Banana,fruit-and-vegetable-processing
Madhya Pradesh,Chhatarpur,Furniture - Wooden,furniture-workshop
Madhya Pradesh,Chhindwara,Oranges & Orange Products,fruit-and-vegetable-processing
Madhya Pradesh,Damoh,Gram,agro-processing-unit
Madhya Pradesh,Datia,Jaggery,honey-and-organic-produce
Madhya Pradesh,Dewas,Bamboo,eco-friendly-products-brand
Madhya Pradesh,Dhar (Pithampur),Bagh Prints,handloom-textiles-brand
Madhya Pradesh,Dindori,Kodo Kutki,healthy-snacks-brand
Madhya Pradesh,Guna,Coriander,spice-processing-unit
Madhya Pradesh,Gwalior,Sandstone Tiles,stone-and-marble-products
Madhya Pradesh,Harda,Bamboo,eco-friendly-products-brand
Madhya Pradesh,Hoshangabad,Sightseeing,local-tour-guide
Madhya Pradesh,Indore,Potato,fruit-and-vegetable-processing
Madhya Pradesh,Jabalpur,Peas,fruit-and-vegetable-processing
Madhya Pradesh,Jhabua,Kadaknath Chicken,poultry-farm
Madhya Pradesh,Katni,Cut Stone,stone-and-marble-products
Madhya Pradesh,Khandwa,Onion,fruit-and-vegetable-processing
Madhya Pradesh,Khargone,Chilli,spice-processing-unit
Madhya Pradesh,Mandla,Kodo Kutki,healthy-snacks-brand
Madhya Pradesh,Mandsaur,Garlic,spice-processing-unit
Madhya Pradesh,Morena,Oil - Mustard,cold-pressed-oil-mill
Madhya Pradesh,Narsinghpur,Toor Dal,agro-processing-unit
Madhya Pradesh,Neemuch,Coriander,spice-processing-unit
Madhya Pradesh,Niwari,Ginger,spice-processing-unit
Madhya Pradesh,Panna,Gooseberry,fruit-and-vegetable-processing
Madhya Pradesh,Raisen,Basmati Rice,agro-processing-unit
Madhya Pradesh,Rajgarh,Orange,fruit-and-vegetable-processing
Madhya Pradesh,Ratlam,Ratlami Namkeen,healthy-snacks-brand
Madhya Pradesh,Rewa,Bamboo,eco-friendly-products-brand
Madhya Pradesh,Sagar,Farm Equipment,light-engineering-unit
Madhya Pradesh,Satna,Tomato,fruit-and-vegetable-processing
Madhya Pradesh,Sehore,Wooden Toys and Handicraft,toys-and-games-brand
Madhya Pradesh,Seoni,Cilantro,spice-processing-unit
Madhya Pradesh,Shahdol,Turmeric,spice-processing-unit
Madhya Pradesh,Shajapur,Onion,fruit-and-vegetable-processing
Madhya Pradesh,Sheopur,Guava,fruit-and-vegetable-processing
Madhya Pradesh,Shivpuri,Cloth Jacket,d2c-apparel-brand
Madhya Pradesh,Sidhi,Carpet (Panja Dari),handloom-textiles-brand
Madhya Pradesh,Singrauli,Kodo Kutki (Millet),healthy-snacks-brand
Madhya Pradesh,Tikamgarh,Ginger,spice-processing-unit
Madhya Pradesh,Ujjain,Batik print,handloom-textiles-brand
Madhya Pradesh,Umaria,Mahua,honey-and-organic-produce
Madhya Pradesh,Vidisha,Farm Equipment,light-engineering-unit
Maharashtra,Ahmednagar,Cane Sugar,honey-and-organic-produce
Maharashtra,Akola,Cotton Ginning and pressing,agro-processing-unit
Maharashtra,Amravati,Textile,handloom-textiles-brand
Maharashtra,Aurangabad,Marathwada Kesar Mango,fruit-and-vegetable-processing
Maharashtra,Beed,Cotton and cotton seed oil,cold-pressed-oil-mill
Maharashtra,Bhandara,Rice,agro-processing-unit
Maharashtra,Buldhana,Mineral based products,
Maharashtra,Chandrapur,Rice,agro-processing-unit
Maharashtra,Dhule,De-Oiled Cake,agro-processing-unit
Maharashtra,Gadchiroli,Rice,agro-processing-unit
Maharashtra,Gondia,Rice,agro-processing-unit
Maharashtra,Hingoli,Turmeric,spice-processing-unit
Maharashtra,Jalgaon,Jalgaon Banana,fruit-and-vegetable-processing
Maharashtra,Jalna,Sweet Orange,fruit-and-vegetable-processing
Maharashtra,Kolhapur,Kolhapur Jaggery (Sugarcane Products etc),honey-and-organic-produce
Maharashtra,Latur,Soya bean and Soya bean based products,agro-processing-unit
Maharashtra,Mumbai City,Gems & Jewellery,jewellery-brand
Maharashtra,Mumbai Suburban,Gems & Jewellery,jewellery-brand
Maharashtra,Nagpur,Nagpur Orange,fruit-and-vegetable-processing
Maharashtra,Nanded,Soya bean and soya bean products,agro-processing-unit
Maharashtra,Nandurbar,Chilli powder,spice-processing-unit
Maharashtra,Nashik,Grapes/Raisins,fruit-and-vegetable-processing
Maharashtra,Osmanabad,Pulses,agro-processing-unit
Maharashtra,Palghar,Dahanu Gholvad Chikoo (Sapota),fruit-and-vegetable-processing
Maharashtra,Parbhani,Grams (Hara bhara),agro-processing-unit
Maharashtra,Pune,Engineering Goods,light-engineering-unit
Maharashtra,Raigad,Marine Produce,seafood-processing
Maharashtra,Ratnagiri,Alphonso Mangoes,fruit-and-vegetable-processing
Maharashtra,Sangli,Turmeric,spice-processing-unit
Maharashtra,Satara,Strawberries,fruit-and-vegetable-processing
Maharashtra,Sindhudurg,Vengurla Cashew,agro-processing-unit
Maharashtra,Solapur,Solapur Terry Towel,handloom-textiles-brand
Maharashtra,Thane,Garments & Textiles,d2c-apparel-brand
Maharashtra,Wardha,Cotton Yarn,handloom-textiles-brand
Maharashtra,Washim,Soya bean and soya bean products,agro-processing-unit
Maharashtra,Yavatmal,Cotton Ginning and pressing,agro-processing-unit
Manipur,Bishnupur,Moirang Fi Chanbi Fanek,handloom-textiles-brand
Manipur,Chandel,Turmeric,spice-processing-unit
Manipur,Churachandpur,Handicrafts - Tribal,handcrafted-home-decor
Manipur,Imphal East,Wangkhei Phee,handloom-textiles-brand
Manipur,Imphal West,Toys- Laiphadibi,toys-and-games-brand
Manipur,Jiribam,Bamboo,eco-friendly-products-brand
Manipur,Kakching,Rice- Black Chakao,agro-processing-unit
Manipur,Kamjong,King Chilli,spice-processing-unit
Manipur,Kangpokpi,Turmeric,spice-processing-unit
Manipur,Noney,Banana,fruit-and-vegetable-processing
Manipur,Pherzawl,Ginger,spice-processing-unit
Manipur,Senapati,Kiwi,fruit-and-vegetable-processing
Manipur,Tamenglong,Orange - (Tamenglong Mandarin),handloom-textiles-brand
Manipur,Tengnoupal,Bamboo,eco-friendly-products-brand
Manipur,Thoubal,Pineapple,fruit-and-vegetable-processing
Manipur,Ukhrul,Kachai Lemon,fruit-and-vegetable-processing
Meghalaya,East Garo Hills,Pineapple,fruit-and-vegetable-processing
Meghalaya,East Jaintia Hills,Turmeric,spice-processing-unit
Meghalaya,East Khasi Hills,Khasi Mandarin (Orange),handloom-textiles-brand
Meghalaya,Eastern West Khasi Hills,Kiwi,fruit-and-vegetable-processing
Meghalaya,North Garo Hills,Banana,fruit-and-vegetable-processing
Meghalaya,Ri-Bhoi,Pineapple,fruit-and-vegetable-processing
Meghalaya,South Garo Hills,Jackfruit,fruit-and-vegetable-processing
Meghalaya,South West Garo Hills,Pineapple,fruit-and-vegetable-processing
Meghalaya,South West Khasi Hills,Honey,honey-and-organic-produce
Meghalaya,West Garo Hills,Cashew,agro-processing-unit
Meghalaya,West Jaintia Hills,Turmeric (Lakadong),spice-processing-unit
Meghalaya,West Khasi Hills,Cane & Bamboo Handicrafts (Mats),handcrafted-home-decor
Mizoram,Aizawl,Dragon Fruit,fruit-and-vegetable-processing
Mizoram,Champhai,Mizo Chilli,spice-processing-unit
Mizoram,Hnahthial,Mizo Chilli,spice-processing-unit
Mizoram,Khawzawl,Pineapple,fruit-and-vegetable-processing
Mizoram,Kolasib,Dragon Fruit,fruit-and-vegetable-processing
Mizoram,Lawngtlai,Mizo Chilli,spice-processing-unit
Mizoram,Lunglei,Banana,fruit-and-vegetable-processing
Mizoram,Mamit,Turmeric,spice-processing-unit
Mizoram,Saitual,Ginger,spice-processing-unit
Mizoram,Serchhip,Banana,fruit-and-vegetable-processing
Mizoram,Siaha,Chilli - Mizo,spice-processing-unit
Nagaland,Chumukedima,Pineapple,fruit-and-vegetable-processing
Nagaland,Dimapur,Pineapple,fruit-and-vegetable-processing
Nagaland,Kiphire,Kholar,agro-processing-unit
Nagaland,Kohima,Pickles,pickle-and-papad-brand
Nagaland,Longleng,Ginger,spice-processing-unit
Nagaland,Mokokchung,Coffee,beverage-brand
Nagaland,Mon,Large Cardamom,spice-processing-unit
Nagaland,Niuland,Banana,fruit-and-vegetable-processing
Nagaland,Noklak,Millet,healthy-snacks-brand
Nagaland,Peren,Naga Mircha,spice-processing-unit
Nagaland,Phek,Kiwi,fruit-and-vegetable-processing
Nagaland,Shamator,Kholar (Kidney Beans),agro-processing-unit
Nagaland,Tseminyu,Turmeric,spice-processing-unit
Nagaland,Tuensang,Kholar,agro-processing-unit
Nagaland,Wokha,Banana and Banana Products,fruit-and-vegetable-processing
Nagaland,Zunheboto,Soyabean,agro-processing-unit
Odisha,Angul,Terracotta,pottery-studio
Odisha,Balasore,Marine Products,seafood-processing
Odisha,Bargarh,Handloom,handloom-textiles-brand
Odisha,Bhadrak,Rice,agro-processing-unit
Odisha,Bolangir,Cotton,agro-processing-unit
Odisha,Boudh,Berhampur Patta (Phoda Kumbha) Saree,handloom-textiles-brand
Odisha,Cuttack,Silver Filigree (Tarakashi Art),jewellery-brand
Odisha,Deogarh,Watermelon,fruit-and-vegetable-processing
Odisha,Dhenkanal,Handicrafts,handcrafted-home-decor
Odisha,Gajapati,Cashew Kernel,agro-processing-unit
Odisha,Ganjam,Handloom,handloom-textiles-brand
Odisha,Jagatsinghpur,Rice,agro-processing-unit
Odisha,Jajpur,Stone Carving,handcrafted-home-decor
Odisha,Jharsuguda,Aluminium Ingot,
Odisha,Kalahandi,Handicraft (Wood Carving),handcrafted-home-decor
Odisha,Kandhamal,Kandhamal Haladi,spice-processing-unit
Odisha,Kendrapara,Golden Grass Product,handcrafted-home-decor
Odisha,Kendujhar (Keonjhar),Terracotta,pottery-studio
Odisha,Khurda,Handicrafts (Stone Carving),handcrafted-home-decor
Odisha,Khurdha,Fish product,seafood-processing
Odisha,Koraput,Cashew,agro-processing-unit
Odisha,Malkangiri,Millets,healthy-snacks-brand
Odisha,Mayurbhanj,Rice,agro-processing-unit
Odisha,Nabarangpur,Maize,agro-processing-unit
Odisha,Nayagarh,Brass and Bell Metal,handcrafted-home-decor
Odisha,Nuapada,Cotton,agro-processing-unit
Odisha,Puri,Orissa Pattachitra,handcrafted-home-decor
Odisha,Rayagada,Cotton,agro-processing-unit
Odisha,Sambalpur,Sambalpuri Bandha Saree,handloom-textiles-brand
Odisha,Sonepur (Subarnapur),Bomkai Saree & Fabrics,handloom-textiles-brand
Odisha,Sundergarh,Bamboo Craft,handcrafted-home-decor
Puducherry,Karaikal,Chemicals and Allied Products,
Puducherry,Mahe,Coir Products,eco-friendly-products-brand
Puducherry,Puducherry,Pharmaceutical and Allied Products,
Puducherry,Yanam,Fisheries and Allied Products,seafood-processing
Punjab,Amritsar,Embroidery,handloom-textiles-brand
Punjab,Barnala,Textile-Towels,handloom-textiles-brand
Punjab,Bathinda,Citrus Fruits (Kinnow),fruit-and-vegetable-processing
Punjab,Faridkot,Basmati (Rice),agro-processing-unit
Punjab,Fatehgarh Sahib,Forged Items,light-engineering-unit
Punjab,Fazilka,Citrus Fruits (Kinnow),fruit-and-vegetable-processing
Punjab,Ferozepur,Basmati (Rice),agro-processing-unit
Punjab,Gurdaspur,Foundry Cluster,light-engineering-unit
Punjab,Hoshiarpur,Tractor & parts,light-engineering-unit
Punjab,Jalandhar,Sports Goods,sports-goods-brand
Punjab,Kapurthala,Diesel engine and Auto Parts,light-engineering-unit
Punjab,Ludhiana,Readymade Garments,d2c-apparel-brand
Punjab,Malerkotla,Metal Casting,light-engineering-unit
Punjab,Mansa,Cotton Yarn,handloom-textiles-brand
Punjab,Moga,Agriculture Implements,light-engineering-unit
Punjab,Pathankot,Litchi,fruit-and-vegetable-processing
Punjab,Patiala,Phulkari,handloom-textiles-brand
Punjab,Rupnagar,Maize,agro-processing-unit
Punjab,Sahibzada Ajit Singh Nagar/Mohali,Engineering Goods,light-engineering-unit
Punjab,Sangrur,Vegetable Oil,cold-pressed-oil-mill
Punjab,Shahid Bhagat Singh Nagar (Nawanshahar),Jaggery,honey-and-organic-produce
Punjab,Sri Muktsar Sahib,Agriculture Implements,light-engineering-unit
Punjab,Tarn Taran,Basmati (Rice),agro-processing-unit
Rajasthan,Ajmer,Granite and Marble Products,stone-and-marble-products
Rajasthan,Alwar,Automobile Parts,light-engineering-unit
Rajasthan,Balotra,Textile Products,handloom-textiles-brand
Rajasthan,Banswara,Marble Products,stone-and-marble-products
Rajasthan,Baran,Garlic Products,spice-processing-unit
Rajasthan,Barmer,Kasheedakari,handloom-textiles-brand
Rajasthan,Beawar,Quartz and Feldspar Powder,
Rajasthan,Bharatpur,Agro based Products,agro-processing-unit
Rajasthan,Bhilwara,Textile Products,handloom-textiles-brand
Rajasthan,Bikaner,Bikaneri  Namkeen,healthy-snacks-brand
Rajasthan,Bundi,Rice,agro-processing-unit
Rajasthan,Chittorgarh,Granite and Marble Products,stone-and-marble-products
Rajasthan,Churu,Wood Products,handcrafted-home-decor
Rajasthan,Dausa,Stone Product,stone-and-marble-products
Rajasthan,Deedwana-Kuchaman,Marble & Granite Products,stone-and-marble-products
Rajasthan,Deeg,Stone Based Products,stone-and-marble-products
Rajasthan,Dholpur,Stone based products,stone-and-marble-products
Rajasthan,Dungarpur,Granite Products,stone-and-marble-products
Rajasthan,Hanumangarh,Agro Based Products,agro-processing-unit
Rajasthan,Jaipur,Gems & Jewellery,jewellery-brand
Rajasthan,Jaisalmer,Yellow Stone Products,stone-and-marble-products
Rajasthan,Jalore,Granite Products,stone-and-marble-products
Rajasthan,Jhalawar,Kota Stone Products,stone-and-marble-products
Rajasthan,Jhunjhunu,Wooden Handicraft Products,handcrafted-home-decor
Rajasthan,Jodhpur,Wooden Furniture Products,furniture-workshop
Rajasthan,Karauli,Sandstone products,stone-and-marble-products
Rajasthan,Khairthal-Tijara,Automobiles Parts,light-engineering-unit
Rajasthan,Kota,Kota Doria,handloom-textiles-brand
Rajasthan,Kotputli-Behror,Automobiles Parts,light-engineering-unit
Rajasthan,Nagaur,Pan Meethi and Spices processing,spice-processing-unit
Rajasthan,Pali,Textile Products,handloom-textiles-brand
Rajasthan,Phalodi,Sonamukhi Products,eco-friendly-products-brand
Rajasthan,Pratapgarh,Thewa Jewellery,jewellery-brand
Rajasthan,Rajsamand,Granite and Marble Products,stone-and-marble-products
Rajasthan,Salumber,Quartz,
Rajasthan,Sawai Madhopur,Marble Products,stone-and-marble-products
Rajasthan,Sikar,Wooden Furniture Products,furniture-workshop
Rajasthan,Sirohi,Marble Products,stone-and-marble-products
Rajasthan,Sri Ganganagar,Mustard Oil,cold-pressed-oil-mill
Rajasthan,Tonk,Stale stone tiles,stone-and-marble-products
Rajasthan,Udaipur,Marble and Granite products,stone-and-marble-products
Sikkim,East Sikkim (Gangtok),Tourism,local-tour-guide
Sikkim,North Sikkim (Mangan),Buck Wheat,healthy-snacks-brand
Sikkim,Pakyong,Floriculture,nursery-and-plants
Sikkim,Soreng,Sikkim Large Cardamom,spice-processing-unit
Sikkim,South Sikkim (Namchi),Tea,beverage-brand
Sikkim,West Sikkim (Geyzing),Tourism,local-tour-guide
Tamil Nadu,Ariyalur,Cashew Processing,agro-processing-unit
Tamil Nadu,Chengalpattu,Automobile products,light-engineering-unit
Tamil Nadu,Chennai,Engineering and Auto components,light-engineering-unit
Tamil Nadu,Coimbatore,Motor Pumps,light-engineering-unit
Tamil Nadu,Cuddalore,Cashew Nuts,agro-processing-unit
Tamil Nadu,Dharampuri,Auto Components,light-engineering-unit
Tamil Nadu,Dharmapuri,Ready Made Garments,d2c-apparel-brand
Tamil Nadu,Dindigul,Coir Pith Blocks,eco-friendly-products-brand
Tamil Nadu,Erode,Handloom and Powerloom products,handloom-textiles-brand
Tamil Nadu,Kallakurichi,Food products - Rice,agro-processing-unit
Tamil Nadu,Kancheepuram,Textiles and Garments,d2c-apparel-brand
Tamil Nadu,Kanyakumari,Cashew,agro-processing-unit
Tamil Nadu,Karur,Textiles - Home Made Ups,handloom-textiles-brand
Tamil Nadu,Krishnagiri,Mango Processing,fruit-and-vegetable-processing
Tamil Nadu,Madurai,Ready Made Garments,d2c-apparel-brand
Tamil Nadu,Mayiladuthurai,Rice,agro-processing-unit
Tamil Nadu,Nagapattinam,Marine food,seafood-processing
Tamil Nadu,Namakkal,Poultry feed and products,poultry-farm
Tamil Nadu,Nilgiris,Nilgiri Tea (Orthodox),beverage-brand
Tamil Nadu,Perambalur,Handicraft Products,handcrafted-home-decor
Tamil Nadu,Pudukkottai,Engineering Products,light-engineering-unit
Tamil Nadu,Ramnad (Ramanathapuram),Marine Foods,seafood-processing
Tamil Nadu,Ranipet,Leather Products,leather-goods-workshop
Tamil Nadu,Salem,Silver Jewellery,jewellery-brand
Tamil Nadu,Sivagangai,Coir Products,eco-friendly-products-brand
Tamil Nadu,Tenkasi,Coir pith block,eco-friendly-products-brand
Tamil Nadu,Thanjavur,Coconut,agro-processing-unit
Tamil Nadu,Theni,Textile Made ups,handloom-textiles-brand
Tamil Nadu,Thiruvallur,Engineering and Auto components,light-engineering-unit
Tamil Nadu,Thiruvarur,Agricultural Products,agro-processing-unit
Tamil Nadu,Tiruchi (Thiruchirappalli),Engineering Products,light-engineering-unit
Tamil Nadu,Tirunelveli,Readymade Garments,d2c-apparel-brand
Tamil Nadu,Tirupathur,Leather products,leather-goods-workshop
Tamil Nadu,Tiruppur,Hosiery Garments,d2c-apparel-brand
Tamil Nadu,Tiruvannamalai,Edible Oil,cold-pressed-oil-mill
Tamil Nadu,Tuticorin (Thoothukudi),Marine Foods,seafood-processing
Tamil Nadu,Vellore,Leather Products,leather-goods-workshop
Tamil Nadu,Villupuram,Rice,agro-processing-unit
Tamil Nadu,Virudhunagar,Gauze Cloth,handloom-textiles-brand
Telangana,Adilabad,Cotton Bales,agro-processing-unit
Telangana,Bhadradri Kothagudem,Chillies,spice-processing-unit
Telangana,Hyderabad,Studded gold jewllery,jewellery-brand
Telangana,Jagtial,Mango,fruit-and-vegetable-processing
Telangana,Jangaon,Brass Artifacts,handcrafted-home-decor
Telangana,Jayashanker Bhupalpally,Chillies,spice-processing-unit
Telangana,Jogulamba Gadwal,Nuts - Groundnut,healthy-snacks-brand
Telangana,Kamareddy,Soyabean,agro-processing-unit
Telangana,Karimnagar,Granites,stone-and-marble-products
Telangana,Karimnager,Silverfiligree,jewellery-brand
Telangana,Khammam,Chillies,spice-processing-unit
Telangana,Kumaram Bheem Asifabad,Millets,healthy-snacks-brand
Telangana,Mahabubnager,Mango (Banaganapalle),fruit-and-vegetable-processing
Telangana,Mancherial,Mango,fruit-and-vegetable-processing
Telangana,Medak,Tomato processed products,fruit-and-vegetable-processing
Telangana,Medchal-Malkajgiri,Pharmaceuticals & Biotech Products,
Telangana,Mhabubabad,Chillies,spice-processing-unit
Telangana,Mulugu,Chilli,spice-processing-unit
Telangana,Nagarkurnool,Banaganapalle Mangoes,fruit-and-vegetable-processing
Telangana,Nalgonda,Cotton,agro-processing-unit
Telangana,Narayanpet,Narayanpet Handloom Sarees,handloom-textiles-brand
Telangana,Nirmal,Cotton Bales,agro-processing-unit
Telangana,Nizamabad,Turmeric,spice-processing-unit
Telangana,Peddapalli,Rice based products,agro-processing-unit
Telangana,Rajanna Sircilla,Fisheries,seafood-processing
Telangana,Ranga Reddy,Biscuits & Confectionery,sweet-shop
Telangana,Sangareddy,Engineering Products,light-engineering-unit
Telangana,Siddipet,Siddipet Gollabama,handloom-textiles-brand
Telangana,Suryapet,Cement,
Telangana,Vikarabad,Fullers Earth/Betonitte granules and powder,
Telangana,Wanaparthy,Nuts - Groundnut,healthy-snacks-brand
Telangana,Warangal Rural,Warangal Durries,handloom-textiles-brand
Telangana,Warangal Urban (Hanumakonda),Granite Slabs,stone-and-marble-products
Telangana,Yadadri Bhuvanagiri,Pochampalli Ikat,handloom-textiles-brand
Tripura,Dhalai,Queen Pineapple and Pineapple Based Products,fruit-and-vegetable-processing
Tripura,Gomati,Risha,handloom-textiles-brand
Tripura,Khowai,Scented Rice,agro-processing-unit
Tripura,North Tripura,Oil - Agar,personal-care-brand
Tripura,Sepahijala,Tripura Silk,handloom-textiles-brand
Tripura,South Tripura,Cashew Nut,agro-processing-unit
Tripura,Unakoti,Tea,beverage-brand
Tripura,West Tripura,Bamboo based products,eco-friendly-products-brand
Uttar Pradesh,Agra,Leather Products,leather-goods-workshop
Uttar Pradesh,Aligarh,Lock & Hardware,light-engineering-unit
Uttar Pradesh,Ambedkar Nagar,Textiles,handloom-textiles-brand
Uttar Pradesh,Amethi,Moonj products,eco-friendly-products-brand
Uttar Pradesh,Amroha,Musical Instruments (Dholak),handcrafted-home-decor
Uttar Pradesh,Auraiya,Milk Processing (Desi Ghee) and Milk Products,dairy-farm
Uttar Pradesh,Ayodhya (Faizabad),Jaggery,honey-and-organic-produce
Uttar Pradesh,Azamgarh,Black Pottery,pottery-studio
Uttar Pradesh,Baghpat,Home Decorative Goods,handcrafted-home-decor
Uttar Pradesh,Bahraich,Wheat Stalk Handicrafts,handcrafted-home-decor
Uttar Pradesh,Ballia,Bindi (Tikuli),jewellery-brand
Uttar Pradesh,Balrampur,Food Processing (Pulses),agro-processing-unit
Uttar Pradesh,Banda,Shazar Stone Craft,handcrafted-home-decor
Uttar Pradesh,Barabanki,Handloom Products and Textile Products,handloom-textiles-brand
Uttar Pradesh,Bareilly,Zari and Zardozi,handloom-textiles-brand
Uttar Pradesh,Basti,Wooden Crafts,handcrafted-home-decor
Uttar Pradesh,Bhadohi,Handmade carpet of Bhadohi,handloom-textiles-brand
Uttar Pradesh,Bijnor,Wooden Crafts,handcrafted-home-decor
Uttar Pradesh,Budaun,Zari and Zardozi,handloom-textiles-brand
Uttar Pradesh,Bulandshahar,Ceramic Product,pottery-studio
Uttar Pradesh,Chandauli,Zari-Zardozi,handloom-textiles-brand
Uttar Pradesh,Chitrakoot,Wooden Toys and Wood Art Products,toys-and-games-brand
Uttar Pradesh,Deoria,"Decorative Products,",handcrafted-home-decor
Uttar Pradesh,Etah,"Ankle Bells (Ghungroo), Bells and Brass Products",handcrafted-home-decor
Uttar Pradesh,Etawah,Textile Products and Tailoring and Garment Embroidery,d2c-apparel-brand
Uttar Pradesh,Farrukhabad,Farrukhabad Prints,handloom-textiles-brand
Uttar Pradesh,Fatehpur,Bedsheets,handloom-textiles-brand
Uttar Pradesh,Firozabad,Firozabad Glass,handcrafted-home-decor
Uttar Pradesh,Gautam Buddh Nagar,Readymade Garments,d2c-apparel-brand
Uttar Pradesh,Ghaziabad,Engineering goods,light-engineering-unit
Uttar Pradesh,Ghazipur,Ghazipur Wall Hangings,handcrafted-home-decor
Uttar Pradesh,Gonda,Food Processing (Pulses),agro-processing-unit
Uttar Pradesh,Gorakhpur,Gorakhpur Terracotta,pottery-studio
Uttar Pradesh,Hamirpur,Shoes,footwear-brand
Uttar Pradesh,Hapur,Home Decorative Goods,handcrafted-home-decor
Uttar Pradesh,Hardoi,Handloom,handloom-textiles-brand
Uttar Pradesh,Hathras,Hing (Asafoetida),spice-processing-unit
Uttar Pradesh,Jalaun,Handmade Paper Art,eco-friendly-products-brand
Uttar Pradesh,Jaunpur,Woollen Carpets (Dari),handloom-textiles-brand
Uttar Pradesh,Jhansi,Soft Toys,toys-and-games-brand
Uttar Pradesh,Kannauj,Kannauj Perfume,personal-care-brand
Uttar Pradesh,Kanpur Dehat,Zinc Utensils,handcrafted-home-decor
Uttar Pradesh,Kanpur Nagar,Leather Products,leather-goods-workshop
Uttar Pradesh,Kasganj,Zari Zardozi,handloom-textiles-brand
Uttar Pradesh,Kaushambi,Food Processing- Banana,fruit-and-vegetable-processing
Uttar Pradesh,Kushinagar,Banana Fiber Products and Banana Products,eco-friendly-products-brand
Uttar Pradesh,Lakhimpur Kheri,Tribal craft,handcrafted-home-decor
Uttar Pradesh,Lalitpur,Zari Silk Sarees,handloom-textiles-brand
Uttar Pradesh,Lucknow,Lucknow Chikan Craft & Lucknow Zardozi,handloom-textiles-brand
Uttar Pradesh,Maharajganj,Furniture,furniture-workshop
Uttar Pradesh,Mahoba,Gaura Stone Craft,handcrafted-home-decor
Uttar Pradesh,Mainpuri,Tarkashi Art,handcrafted-home-decor
Uttar Pradesh,Mathura,Sanitary Fittings,light-engineering-unit
Uttar Pradesh,Mau,Powerloom Textile,handloom-textiles-brand
Uttar Pradesh,Meerut,Sports Products,sports-goods-brand
Uttar Pradesh,Mirzapur,Carpets,handloom-textiles-brand
Uttar Pradesh,Moradabad,Moradabad Metal Craft,handcrafted-home-decor
Uttar Pradesh,Muzaffarnagar,Jaggery,honey-and-organic-produce
Uttar Pradesh,Pilibhit,Flute and Wooden Products,handcrafted-home-decor
Uttar Pradesh,Pratapgarh,Aamla Products,fruit-and-vegetable-processing
Uttar Pradesh,Prayagraj,Moonj products,eco-friendly-products-brand
Uttar Pradesh,Raebareli,Wood Work,handcrafted-home-decor
Uttar Pradesh,Rampur,"Applique Work along with Patch Work,Zari Patch work, and Mentha",handloom-textiles-brand
Uttar Pradesh,Saharanpur,Saharanpur Wood Craft,handcrafted-home-decor
Uttar Pradesh,Sambhal,Handicrafts - Horn Bone,handcrafted-home-decor
Uttar Pradesh,Sant Kabir Nagar,Brass Utensils,handcrafted-home-decor
Uttar Pradesh,Shahjahanpur,Zari and Zardozi,handloom-textiles-brand
Uttar Pradesh,Shamli,Rim and Axle and Iron Work,light-engineering-unit
Uttar Pradesh,Shravasti,Tribal craft and Furniture,furniture-workshop
Uttar Pradesh,Siddharthnagar,Kalanamak Rice,agro-processing-unit
Uttar Pradesh,Sitapur,Carpets (Dari),handloom-textiles-brand
Uttar Pradesh,Sonbhadra,Carpets,handloom-textiles-brand
Uttar Pradesh,Sultanpur,Moonj Products,eco-friendly-products-brand
Uttar Pradesh,Unnao,Zari Zardozi,handloom-textiles-brand
Uttar Pradesh,Varanasi,Silk Products,handloom-textiles-brand
Uttarakhand,Almora,Bal Mithai,sweet-shop
Uttarakhand,Bageshwar,Copper based Products,handcrafted-home-decor
Uttarakhand,Chamoli,Nettle based product,eco-friendly-products-brand
Uttarakhand,Champawat,Himalyan Honey,honey-and-organic-produce
Uttarakhand,Dehradun,Bakery,home-bakery
Uttarakhand,Haridwar,Jaggery,honey-and-organic-produce
Uttarakhand,Nainital,Aipan Products,handcrafted-home-decor
Uttarakhand,Pauri Garhwal,Herbal Products,nutrition-supplements-brand
Uttarakhand,Pithoragarh,Woollen Product,handloom-textiles-brand
Uttarakhand,Rudraprayag,Wood crafts/Temple imitiation,handcrafted-home-decor
Uttarakhand,Tehri Garhwal,Natural fibre,eco-friendly-products-brand
Uttarakhand,Udham Singh Nagar,Moonj Grass product,eco-friendly-products-brand
Uttarakhand,Uttarkashi,Red Rice,agro-processing-unit
West Bengal,Alipurduar,Wooden Furniture,furniture-workshop
West Bengal,Bankura,Terracotta Craft,pottery-studio
West Bengal,Birbhum,Santiniketan Leather goods,leather-goods-workshop
West Bengal,Cooch Behar,Sital pati & its products,eco-friendly-products-brand
West Bengal,Dakshin Dinajpur,Wooden Mask & Wall Hanging,handcrafted-home-decor
West Bengal,Darjeeling,Darjeeling Tea,beverage-brand
West Bengal,Hooghly,Dhaniakhali Saree,handloom-textiles-brand
West Bengal,Howrah,Gems & Jewellery,jewellery-brand
West Bengal,Jalpaiguri,Tea,beverage-brand
West Bengal,Jhargram,Sal leaf based products,eco-friendly-products-brand
West Bengal,Kalimpong,Orchid & Flowers,nursery-and-plants
West Bengal,Kolkata,Leather goods,leather-goods-workshop
West Bengal,Malda,Silk and Silk products,handloom-textiles-brand
West Bengal,Murshidabad,Murshidabad Silk Saree/Scarf,handloom-textiles-brand
West Bengal,Nadia,"Tangail, Jamdani Saree & Shantipore Saree",handloom-textiles-brand
West Bengal,North 24 Parganas,Steel Furniture,furniture-workshop
West Bengal,Paschim Bardhaman,Refractory bricks & similar refractory ceramics,
West Bengal,Paschim Medinipur  (West Medinipur),Bengal Patachitra,handcrafted-home-decor
West Bengal,Purba Bardhaman,Bengal Dokra,handcrafted-home-decor
West Bengal,Purba Medinipur (East Medinipur),Processed cashew nuts,agro-processing-unit
West Bengal,Purulia,Lac & Lac Products,honey-and-organic-produce
West Bengal,South 24 Parganas,Leather Goods,leather-goods-workshop
West Bengal,Uttar Dinajpur (North Dinajpur),Tulai Panji Rice (Aromatic Rice),agro-processing-unit
